NodeID,TagName,ObservabilityMode,Sampling Interval Milliseconds,QueueSize
ns=3;i=3002,Random(747),none,500,1
ns=3;i=3003,Random(806),none,500,1
ns=3;i=3004,Random(486),none,500,1
ns=3;i=3005,Random(67),none,500,1
ns=3;i=3006,Random(744),none,500,1
ns=3;i=3007,Random(567),none,500,1
ns=3;i=3008,Random(875),none,500,1
ns=3;i=3009,Random(318),none,500,1
ns=3;i=3010,Random(8),none,500,1
ns=3;i=3011,Random(840),none,500,1
ns=3;i=3012,Random(1),none,500,1
ns=3;i=3013,Random(2),none,500,1
ns=3;i=3014,Random(3),none,500,1
ns=3;i=3015,Random(4),none,500,1
ns=3;i=3016,Random(5),none,500,1
ns=3;i=3017,Random(6),none,500,1
ns=3;i=3018,Random(7),none,500,1
ns=3;i=3019,Temperature8,none,500,1
ns=3;i=3020,Random(9),none,500,1
ns=3;i=3021,Random(10),none,500,1
ns=3;i=3022,Random(11),none,500,1
ns=3;i=3023,Random(12),none,500,1
ns=3;i=3024,Random(13),none,500,1
ns=3;i=3025,Random(14),none,500,1
ns=3;i=3026,Random(15),none,500,1
ns=3;i=3027,Random(16),none,500,1
ns=3;i=3028,Random(17),none,500,1
ns=3;i=3029,Random(18),none,500,1
ns=3;i=3030,Random(19),none,500,1
ns=3;i=3031,Random(20),none,500,1
ns=3;i=3032,Random(21),none,500,1
ns=3;i=3033,Random(22),none,500,1
ns=3;i=3034,Random(23),none,500,1
ns=3;i=3035,Random(24),none,500,1
ns=3;i=3036,Random(25),none,500,1
ns=3;i=3037,Random(26),none,500,1
ns=3;i=3038,Random(27),none,500,1
ns=3;i=3039,Random(28),none,500,1
ns=3;i=3040,Random(29),none,500,1
ns=3;i=3041,Random(30),none,500,1
ns=3;i=3042,Random(31),none,500,1
ns=3;i=3043,Random(32),none,500,1
ns=3;i=3044,Random(33),none,500,1
ns=3;i=3045,Random(34),none,500,1
ns=3;i=3046,Random(35),none,500,1
ns=3;i=3047,Random(36),none,500,1
ns=3;i=3048,Random(37),none,500,1
ns=3;i=3049,Random(38),none,500,1
ns=3;i=3050,Random(39),none,500,1
ns=3;i=3051,Random(40),none,500,1
ns=3;i=3052,Random(41),none,500,1
ns=3;i=3053,Random(42),none,500,1
ns=3;i=3054,Random(43),none,500,1
ns=3;i=3055,Random(44),none,500,1
ns=3;i=3056,Random(45),none,500,1
ns=3;i=3057,Random(46),none,500,1
ns=3;i=3058,Random(47),none,500,1
ns=3;i=3059,Random(48),none,500,1
ns=3;i=3060,Random(49),none,500,1
ns=3;i=3061,Random(50),none,500,1
ns=3;i=3062,Random(51),none,500,1
ns=3;i=3063,Random(52),none,500,1
ns=3;i=3064,Random(53),none,500,1
ns=3;i=3065,Random(54),none,500,1
ns=3;i=3066,Random(55),none,500,1
ns=3;i=3067,Random(56),none,500,1
ns=3;i=3068,Random(57),none,500,1
ns=3;i=3069,Random(58),none,500,1
ns=3;i=3070,Random(59),none,500,1
ns=3;i=3071,Random(60),none,500,1
ns=3;i=3072,Random(61),none,500,1
ns=3;i=3073,Random(62),none,500,1
ns=3;i=3074,Random(63),none,500,1
ns=3;i=3075,Random(64),none,500,1
ns=3;i=3076,Random(65),none,500,1
ns=3;i=3077,Random(66),none,500,1
ns=3;i=3078,Temperature3,none,500,1
ns=3;i=3079,Random(68),none,500,1
ns=3;i=3080,Random(69),none,500,1
ns=3;i=3081,Random(70),none,500,1
ns=3;i=3082,Random(71),none,500,1
ns=3;i=3083,Random(72),none,500,1
ns=3;i=3084,Random(73),none,500,1
ns=3;i=3085,Random(74),none,500,1
ns=3;i=3086,Random(75),none,500,1
ns=3;i=3087,Random(76),none,500,1
ns=3;i=3088,Random(77),none,500,1
ns=3;i=3089,Random(78),none,500,1
ns=3;i=3090,Random(79),none,500,1
ns=3;i=3091,Random(80),none,500,1
ns=3;i=3092,Random(81),none,500,1
ns=3;i=3093,Random(82),none,500,1
ns=3;i=3094,Random(83),none,500,1
ns=3;i=3095,Random(84),none,500,1
ns=3;i=3096,Random(85),none,500,1
ns=3;i=3097,Random(86),none,500,1
ns=3;i=3098,Random(87),none,500,1
ns=3;i=3099,Random(88),none,500,1
ns=3;i=3100,Random(89),none,500,1
ns=3;i=3101,Random(90),none,500,1
ns=3;i=3102,Random(91),none,500,1
ns=3;i=3103,Random(92),none,500,1
ns=3;i=3104,Random(93),none,500,1
ns=3;i=3105,Random(94),none,500,1
ns=3;i=3106,Random(95),none,500,1
ns=3;i=3107,Random(96),none,500,1
ns=3;i=3108,Random(97),none,500,1
ns=3;i=3109,Random(98),none,500,1
ns=3;i=3110,Random(99),none,500,1
ns=3;i=3111,Random(100),none,500,1
ns=3;i=3112,Random(101),none,500,1
ns=3;i=3113,Random(102),none,500,1
ns=3;i=3114,Random(103),none,500,1
ns=3;i=3115,Random(104),none,500,1
ns=3;i=3116,Random(105),none,500,1
ns=3;i=3117,Random(106),none,500,1
ns=3;i=3118,Random(107),none,500,1
ns=3;i=3119,Random(108),none,500,1
ns=3;i=3120,Random(109),none,500,1
ns=3;i=3121,Random(110),none,500,1
ns=3;i=3122,Random(111),none,500,1
ns=3;i=3123,Random(112),none,500,1
ns=3;i=3124,Random(113),none,500,1
ns=3;i=3125,Random(114),none,500,1
ns=3;i=3126,Random(115),none,500,1
ns=3;i=3127,Random(116),none,500,1
ns=3;i=3128,Random(117),none,500,1
ns=3;i=3129,Random(118),none,500,1
ns=3;i=3130,Random(119),none,500,1
ns=3;i=3131,Random(120),none,500,1
ns=3;i=3132,Random(121),none,500,1
ns=3;i=3133,Random(122),none,500,1
ns=3;i=3134,Random(123),none,500,1
ns=3;i=3135,Random(124),none,500,1
ns=3;i=3136,Random(125),none,500,1
ns=3;i=3137,Random(126),none,500,1
ns=3;i=3138,Random(127),none,500,1
ns=3;i=3139,Random(128),none,500,1
ns=3;i=3140,Random(129),none,500,1
ns=3;i=3141,Random(130),none,500,1
ns=3;i=3142,Random(131),none,500,1
ns=3;i=3143,Random(132),none,500,1
ns=3;i=3144,Random(133),none,500,1
ns=3;i=3145,Random(134),none,500,1
ns=3;i=3146,Random(135),none,500,1
ns=3;i=3147,Random(136),none,500,1
ns=3;i=3148,Random(137),none,500,1
ns=3;i=3149,Random(138),none,500,1
ns=3;i=3150,Random(139),none,500,1
ns=3;i=3151,Random(140),none,500,1
ns=3;i=3152,Random(141),none,500,1
ns=3;i=3153,Random(142),none,500,1
ns=3;i=3154,Random(143),none,500,1
ns=3;i=3155,Random(144),none,500,1
ns=3;i=3156,Random(145),none,500,1
ns=3;i=3157,Random(146),none,500,1
ns=3;i=3158,Random(147),none,500,1
ns=3;i=3159,Random(148),none,500,1
ns=3;i=3160,Random(149),none,500,1
ns=3;i=3161,Random(150),none,500,1
ns=3;i=3162,Random(151),none,500,1
ns=3;i=3163,Random(152),none,500,1
ns=3;i=3164,Random(153),none,500,1
ns=3;i=3165,Random(154),none,500,1
ns=3;i=3166,Random(155),none,500,1
ns=3;i=3167,Random(156),none,500,1
ns=3;i=3168,Random(157),none,500,1
ns=3;i=3169,Random(158),none,500,1
ns=3;i=3170,Random(159),none,500,1
ns=3;i=3171,Random(160),none,500,1
ns=3;i=3172,Random(161),none,500,1
ns=3;i=3173,Random(162),none,500,1
ns=3;i=3174,Random(163),none,500,1
ns=3;i=3175,Random(164),none,500,1
ns=3;i=3176,Random(165),none,500,1
ns=3;i=3177,Random(166),none,500,1
ns=3;i=3178,Random(167),none,500,1
ns=3;i=3179,Random(168),none,500,1
ns=3;i=3180,Random(169),none,500,1
ns=3;i=3181,Random(170),none,500,1
ns=3;i=3182,Random(171),none,500,1
ns=3;i=3183,Random(172),none,500,1
ns=3;i=3184,Random(173),none,500,1
ns=3;i=3185,Random(174),none,500,1
ns=3;i=3186,Random(175),none,500,1
ns=3;i=3187,Random(176),none,500,1
ns=3;i=3188,Random(177),none,500,1
ns=3;i=3189,Random(178),none,500,1
ns=3;i=3190,Random(179),none,500,1
ns=3;i=3191,Random(180),none,500,1
ns=3;i=3192,Random(181),none,500,1
ns=3;i=3193,Random(182),none,500,1
ns=3;i=3194,Random(183),none,500,1
ns=3;i=3195,Random(184),none,500,1
ns=3;i=3196,Random(185),none,500,1
ns=3;i=3197,Random(186),none,500,1
ns=3;i=3198,Random(187),none,500,1
ns=3;i=3199,Random(188),none,500,1
ns=3;i=3200,Random(189),none,500,1
ns=3;i=3201,Random(190),none,500,1
ns=3;i=3202,Random(191),none,500,1
ns=3;i=3203,Random(192),none,500,1
ns=3;i=3204,Random(193),none,500,1
ns=3;i=3205,Random(194),none,500,1
ns=3;i=3206,Random(195),none,500,1
ns=3;i=3207,Random(196),none,500,1
ns=3;i=3208,Random(197),none,500,1
ns=3;i=3209,Random(198),none,500,1
ns=3;i=3210,Random(199),none,500,1
ns=3;i=3211,Random(200),none,500,1
ns=3;i=3212,Random(201),none,500,1
ns=3;i=3213,Random(202),none,500,1
ns=3;i=3214,Random(203),none,500,1
ns=3;i=3215,Random(204),none,500,1
ns=3;i=3216,Random(205),none,500,1
ns=3;i=3217,Random(206),none,500,1
ns=3;i=3218,Random(207),none,500,1
ns=3;i=3219,Random(208),none,500,1
ns=3;i=3220,Random(209),none,500,1
ns=3;i=3221,Random(210),none,500,1
ns=3;i=3222,Random(211),none,500,1
ns=3;i=3223,Random(212),none,500,1
ns=3;i=3224,Random(213),none,500,1
ns=3;i=3225,Random(214),none,500,1
ns=3;i=3226,Random(215),none,500,1
ns=3;i=3227,Random(216),none,500,1
ns=3;i=3228,Random(217),none,500,1
ns=3;i=3229,Random(218),none,500,1
ns=3;i=3230,Random(219),none,500,1
ns=3;i=3231,Random(220),none,500,1
ns=3;i=3232,Random(221),none,500,1
ns=3;i=3233,Random(222),none,500,1
ns=3;i=3234,Random(223),none,500,1
ns=3;i=3235,Random(224),none,500,1
ns=3;i=3236,Random(225),none,500,1
ns=3;i=3237,Random(226),none,500,1
ns=3;i=3238,Random(227),none,500,1
ns=3;i=3239,Random(228),none,500,1
ns=3;i=3240,Random(229),none,500,1
ns=3;i=3241,Random(230),none,500,1
ns=3;i=3242,Random(231),none,500,1
ns=3;i=3243,Random(232),none,500,1
ns=3;i=3244,Random(233),none,500,1
ns=3;i=3245,Random(234),none,500,1
ns=3;i=3246,Random(235),none,500,1
ns=3;i=3247,Random(236),none,500,1
ns=3;i=3248,Random(237),none,500,1
ns=3;i=3249,Random(238),none,500,1
ns=3;i=3250,Random(239),none,500,1
ns=3;i=3251,Random(240),none,500,1
ns=3;i=3252,Random(241),none,500,1
ns=3;i=3253,Random(242),none,500,1
ns=3;i=3254,Random(243),none,500,1
ns=3;i=3255,Random(244),none,500,1
ns=3;i=3256,Random(245),none,500,1
ns=3;i=3257,Random(246),none,500,1
ns=3;i=3258,Random(247),none,500,1
ns=3;i=3259,Random(248),none,500,1
ns=3;i=3260,Random(249),none,500,1
ns=3;i=3261,Random(250),none,500,1
ns=3;i=3262,Random(251),none,500,1
ns=3;i=3263,Random(252),none,500,1
ns=3;i=3264,Random(253),none,500,1
ns=3;i=3265,Random(254),none,500,1
ns=3;i=3266,Random(255),none,500,1
ns=3;i=3267,Random(256),none,500,1
ns=3;i=3268,Random(257),none,500,1
ns=3;i=3269,Random(258),none,500,1
ns=3;i=3270,Random(259),none,500,1
ns=3;i=3271,Random(260),none,500,1
ns=3;i=3272,Random(261),none,500,1
ns=3;i=3273,Random(262),none,500,1
ns=3;i=3274,Random(263),none,500,1
ns=3;i=3275,Random(264),none,500,1
ns=3;i=3276,Random(265),none,500,1
ns=3;i=3277,Random(266),none,500,1
ns=3;i=3278,Random(267),none,500,1
ns=3;i=3279,Random(268),none,500,1
ns=3;i=3280,Random(269),none,500,1
ns=3;i=3281,Random(270),none,500,1
ns=3;i=3282,Random(271),none,500,1
ns=3;i=3283,Random(272),none,500,1
ns=3;i=3284,Random(273),none,500,1
ns=3;i=3285,Random(274),none,500,1
ns=3;i=3286,Random(275),none,500,1
ns=3;i=3287,Random(276),none,500,1
ns=3;i=3288,Random(277),none,500,1
ns=3;i=3289,Random(278),none,500,1
ns=3;i=3290,Random(279),none,500,1
ns=3;i=3291,Random(280),none,500,1
ns=3;i=3292,Random(281),none,500,1
ns=3;i=3293,Random(282),none,500,1
ns=3;i=3294,Random(283),none,500,1
ns=3;i=3295,Random(284),none,500,1
ns=3;i=3296,Random(285),none,500,1
ns=3;i=3297,Random(286),none,500,1
ns=3;i=3298,Random(287),none,500,1
ns=3;i=3299,Random(288),none,500,1
ns=3;i=3300,Random(289),none,500,1
ns=3;i=3301,Random(290),none,500,1
ns=3;i=3302,Random(291),none,500,1
ns=3;i=3303,Random(292),none,500,1
ns=3;i=3304,Random(293),none,500,1
ns=3;i=3305,Random(294),none,500,1
ns=3;i=3306,Random(295),none,500,1
ns=3;i=3307,Random(296),none,500,1
ns=3;i=3308,Random(297),none,500,1
ns=3;i=3309,Random(298),none,500,1
ns=3;i=3310,Random(299),none,500,1
ns=3;i=3311,Random(300),none,500,1
ns=3;i=3312,Random(301),none,500,1
ns=3;i=3313,Random(302),none,500,1
ns=3;i=3314,Random(303),none,500,1
ns=3;i=3315,Random(304),none,500,1
ns=3;i=3316,Random(305),none,500,1
ns=3;i=3317,Random(306),none,500,1
ns=3;i=3318,Random(307),none,500,1
ns=3;i=3319,Random(308),none,500,1
ns=3;i=3320,Random(309),none,500,1
ns=3;i=3321,Random(310),none,500,1
ns=3;i=3322,Random(311),none,500,1
ns=3;i=3323,Random(312),none,500,1
ns=3;i=3324,Random(313),none,500,1
ns=3;i=3325,Random(314),none,500,1
ns=3;i=3326,Random(315),none,500,1
ns=3;i=3327,Random(316),none,500,1
ns=3;i=3328,Random(317),none,500,1
ns=3;i=3329,Temperature7,none,500,1
ns=3;i=3330,Random(319),none,500,1
ns=3;i=3331,Random(320),none,500,1
ns=3;i=3332,Random(321),none,500,1
ns=3;i=3333,Random(322),none,500,1
ns=3;i=3334,Random(323),none,500,1
ns=3;i=3335,Random(324),none,500,1
ns=3;i=3336,Random(325),none,500,1
ns=3;i=3337,Random(326),none,500,1
ns=3;i=3338,Random(327),none,500,1
ns=3;i=3339,Random(328),none,500,1
ns=3;i=3340,Random(329),none,500,1
ns=3;i=3341,Random(330),none,500,1
ns=3;i=3342,Random(331),none,500,1
ns=3;i=3343,Random(332),none,500,1
ns=3;i=3344,Random(333),none,500,1
ns=3;i=3345,Random(334),none,500,1
ns=3;i=3346,Random(335),none,500,1
ns=3;i=3347,Random(336),none,500,1
ns=3;i=3348,Random(337),none,500,1
ns=3;i=3349,Random(338),none,500,1
ns=3;i=3350,Random(339),none,500,1
ns=3;i=3351,Random(340),none,500,1
ns=3;i=3352,Random(341),none,500,1
ns=3;i=3353,Random(342),none,500,1
ns=3;i=3354,Random(343),none,500,1
ns=3;i=3355,Random(344),none,500,1
ns=3;i=3356,Random(345),none,500,1
ns=3;i=3357,Random(346),none,500,1
ns=3;i=3358,Random(347),none,500,1
ns=3;i=3359,Random(348),none,500,1
ns=3;i=3360,Random(349),none,500,1
ns=3;i=3361,Random(350),none,500,1
ns=3;i=3362,Random(351),none,500,1
ns=3;i=3363,Random(352),none,500,1
ns=3;i=3364,Random(353),none,500,1
ns=3;i=3365,Random(354),none,500,1
ns=3;i=3366,Random(355),none,500,1
ns=3;i=3367,Random(356),none,500,1
ns=3;i=3368,Random(357),none,500,1
ns=3;i=3369,Random(358),none,500,1
ns=3;i=3370,Random(359),none,500,1
ns=3;i=3371,Random(360),none,500,1
ns=3;i=3372,Random(361),none,500,1
ns=3;i=3373,Random(362),none,500,1
ns=3;i=3374,Random(363),none,500,1
ns=3;i=3375,Random(364),none,500,1
ns=3;i=3376,Random(365),none,500,1
ns=3;i=3377,Random(366),none,500,1
ns=3;i=3378,Random(367),none,500,1
ns=3;i=3379,Random(368),none,500,1
ns=3;i=3380,Random(369),none,500,1
ns=3;i=3381,Random(370),none,500,1
ns=3;i=3382,Random(371),none,500,1
ns=3;i=3383,Random(372),none,500,1
ns=3;i=3384,Random(373),none,500,1
ns=3;i=3385,Random(374),none,500,1
ns=3;i=3386,Random(375),none,500,1
ns=3;i=3387,Random(376),none,500,1
ns=3;i=3388,Random(377),none,500,1
ns=3;i=3389,Random(378),none,500,1
ns=3;i=3390,Random(379),none,500,1
ns=3;i=3391,Random(380),none,500,1
ns=3;i=3392,Random(381),none,500,1
ns=3;i=3393,Random(382),none,500,1
ns=3;i=3394,Random(383),none,500,1
ns=3;i=3395,Random(384),none,500,1
ns=3;i=3396,Random(385),none,500,1
ns=3;i=3397,Random(386),none,500,1
ns=3;i=3398,Random(387),none,500,1
ns=3;i=3399,Random(388),none,500,1
ns=3;i=3400,Random(389),none,500,1
ns=3;i=3401,Random(390),none,500,1
ns=3;i=3402,Random(391),none,500,1
ns=3;i=3403,Random(392),none,500,1
ns=3;i=3404,Random(393),none,500,1
ns=3;i=3405,Random(394),none,500,1
ns=3;i=3406,Random(395),none,500,1
ns=3;i=3407,Random(396),none,500,1
ns=3;i=3408,Random(397),none,500,1
ns=3;i=3409,Random(398),none,500,1
ns=3;i=3410,Random(399),none,500,1
ns=3;i=3411,Random(400),none,500,1
ns=3;i=3412,Random(401),none,500,1
ns=3;i=3413,Random(402),none,500,1
ns=3;i=3414,Random(403),none,500,1
ns=3;i=3415,Random(404),none,500,1
ns=3;i=3416,Random(405),none,500,1
ns=3;i=3417,Random(406),none,500,1
ns=3;i=3418,Random(407),none,500,1
ns=3;i=3419,Random(408),none,500,1
ns=3;i=3420,Random(409),none,500,1
ns=3;i=3421,Random(410),none,500,1
ns=3;i=3422,Random(411),none,500,1
ns=3;i=3423,Random(412),none,500,1
ns=3;i=3424,Random(413),none,500,1
ns=3;i=3425,Random(414),none,500,1
ns=3;i=3426,Random(415),none,500,1
ns=3;i=3427,Random(416),none,500,1
ns=3;i=3428,Random(417),none,500,1
ns=3;i=3429,Random(418),none,500,1
ns=3;i=3430,Random(419),none,500,1
ns=3;i=3431,Random(420),none,500,1
ns=3;i=3432,Random(421),none,500,1
ns=3;i=3433,Random(422),none,500,1
ns=3;i=3434,Random(423),none,500,1
ns=3;i=3435,Random(424),none,500,1
ns=3;i=3436,Random(425),none,500,1
ns=3;i=3437,Random(426),none,500,1
ns=3;i=3438,Random(427),none,500,1
ns=3;i=3439,Random(428),none,500,1
ns=3;i=3440,Random(429),none,500,1
ns=3;i=3441,Random(430),none,500,1
ns=3;i=3442,Random(431),none,500,1
ns=3;i=3443,Random(432),none,500,1
ns=3;i=3444,Random(433),none,500,1
ns=3;i=3445,Random(434),none,500,1
ns=3;i=3446,Random(435),none,500,1
ns=3;i=3447,Random(436),none,500,1
ns=3;i=3448,Random(437),none,500,1
ns=3;i=3449,Random(438),none,500,1
ns=3;i=3450,Random(439),none,500,1
ns=3;i=3451,Random(440),none,500,1
ns=3;i=3452,Random(441),none,500,1
ns=3;i=3453,Random(442),none,500,1
ns=3;i=3454,Random(443),none,500,1
ns=3;i=3455,Random(444),none,500,1
ns=3;i=3456,Random(445),none,500,1
ns=3;i=3457,Random(446),none,500,1
ns=3;i=3458,Random(447),none,500,1
ns=3;i=3459,Random(448),none,500,1
ns=3;i=3460,Random(449),none,500,1
ns=3;i=3461,Random(450),none,500,1
ns=3;i=3462,Random(451),none,500,1
ns=3;i=3463,Random(452),none,500,1
ns=3;i=3464,Random(453),none,500,1
ns=3;i=3465,Random(454),none,500,1
ns=3;i=3466,Random(455),none,500,1
ns=3;i=3467,Random(456),none,500,1
ns=3;i=3468,Random(457),none,500,1
ns=3;i=3469,Random(458),none,500,1
ns=3;i=3470,Random(459),none,500,1
ns=3;i=3471,Random(460),none,500,1
ns=3;i=3472,Random(461),none,500,1
ns=3;i=3473,Random(462),none,500,1
ns=3;i=3474,Random(463),none,500,1
ns=3;i=3475,Random(464),none,500,1
ns=3;i=3476,Random(465),none,500,1
ns=3;i=3477,Random(466),none,500,1
ns=3;i=3478,Random(467),none,500,1
ns=3;i=3479,Random(468),none,500,1
ns=3;i=3480,Random(469),none,500,1
ns=3;i=3481,Random(470),none,500,1
ns=3;i=3482,Random(471),none,500,1
ns=3;i=3483,Random(472),none,500,1
ns=3;i=3484,Random(473),none,500,1
ns=3;i=3485,Random(474),none,500,1
ns=3;i=3486,Random(475),none,500,1
ns=3;i=3487,Random(476),none,500,1
ns=3;i=3488,Random(477),none,500,1
ns=3;i=3489,Random(478),none,500,1
ns=3;i=3490,Random(479),none,500,1
ns=3;i=3491,Random(480),none,500,1
ns=3;i=3492,Random(481),none,500,1
ns=3;i=3493,Random(482),none,500,1
ns=3;i=3494,Random(483),none,500,1
ns=3;i=3495,Random(484),none,500,1
ns=3;i=3496,Random(485),none,500,1
ns=3;i=3497,Temperature2,none,500,1
ns=3;i=3498,Random(487),none,500,1
ns=3;i=3499,Random(488),none,500,1
ns=3;i=3500,Random(489),none,500,1
ns=3;i=3501,Random(490),none,500,1
ns=3;i=3502,Random(491),none,500,1
ns=3;i=3503,Random(492),none,500,1
ns=3;i=3504,Random(493),none,500,1
ns=3;i=3505,Random(494),none,500,1
ns=3;i=3506,Random(495),none,500,1
ns=3;i=3507,Random(496),none,500,1
ns=3;i=3508,Random(497),none,500,1
ns=3;i=3509,Random(498),none,500,1
ns=3;i=3510,Random(499),none,500,1
ns=3;i=3511,Random(500),none,500,1
ns=3;i=3512,Random(501),none,500,1
ns=3;i=3513,Random(502),none,500,1
ns=3;i=3514,Random(503),none,500,1
ns=3;i=3515,Random(504),none,500,1
ns=3;i=3516,Random(505),none,500,1
ns=3;i=3517,Random(506),none,500,1
ns=3;i=3518,Random(507),none,500,1
ns=3;i=3519,Random(508),none,500,1
ns=3;i=3520,Random(509),none,500,1
ns=3;i=3521,Random(510),none,500,1
ns=3;i=3522,Random(511),none,500,1
ns=3;i=3523,Random(512),none,500,1
ns=3;i=3524,Random(513),none,500,1
ns=3;i=3525,Random(514),none,500,1
ns=3;i=3526,Random(515),none,500,1
ns=3;i=3527,Random(516),none,500,1
ns=3;i=3528,Random(517),none,500,1
ns=3;i=3529,Random(518),none,500,1
ns=3;i=3530,Random(519),none,500,1
ns=3;i=3531,Random(520),none,500,1
ns=3;i=3532,Random(521),none,500,1
ns=3;i=3533,Random(522),none,500,1
ns=3;i=3534,Random(523),none,500,1
ns=3;i=3535,Random(524),none,500,1
ns=3;i=3536,Random(525),none,500,1
ns=3;i=3537,Random(526),none,500,1
ns=3;i=3538,Random(527),none,500,1
ns=3;i=3539,Random(528),none,500,1
ns=3;i=3540,Random(529),none,500,1
ns=3;i=3541,Random(530),none,500,1
ns=3;i=3542,Random(531),none,500,1
ns=3;i=3543,Random(532),none,500,1
ns=3;i=3544,Random(533),none,500,1
ns=3;i=3545,Random(534),none,500,1
ns=3;i=3546,Random(535),none,500,1
ns=3;i=3547,Random(536),none,500,1
ns=3;i=3548,Random(537),none,500,1
ns=3;i=3549,Random(538),none,500,1
ns=3;i=3550,Random(539),none,500,1
ns=3;i=3551,Random(540),none,500,1
ns=3;i=3552,Random(541),none,500,1
ns=3;i=3553,Random(542),none,500,1
ns=3;i=3554,Random(543),none,500,1
ns=3;i=3555,Random(544),none,500,1
ns=3;i=3556,Random(545),none,500,1
ns=3;i=3557,Random(546),none,500,1
ns=3;i=3558,Random(547),none,500,1
ns=3;i=3559,Random(548),none,500,1
ns=3;i=3560,Random(549),none,500,1
ns=3;i=3561,Random(550),none,500,1
ns=3;i=3562,Random(551),none,500,1
ns=3;i=3563,Random(552),none,500,1
ns=3;i=3564,Random(553),none,500,1
ns=3;i=3565,Random(554),none,500,1
ns=3;i=3566,Random(555),none,500,1
ns=3;i=3567,Random(556),none,500,1
ns=3;i=3568,Random(557),none,500,1
ns=3;i=3569,Random(558),none,500,1
ns=3;i=3570,Random(559),none,500,1
ns=3;i=3571,Random(560),none,500,1
ns=3;i=3572,Random(561),none,500,1
ns=3;i=3573,Random(562),none,500,1
ns=3;i=3574,Random(563),none,500,1
ns=3;i=3575,Random(564),none,500,1
ns=3;i=3576,Random(565),none,500,1
ns=3;i=3577,Random(566),none,500,1
ns=3;i=3578,Temperature5,none,500,1
ns=3;i=3579,Random(568),none,500,1
ns=3;i=3580,Random(569),none,500,1
ns=3;i=3581,Random(570),none,500,1
ns=3;i=3582,Random(571),none,500,1
ns=3;i=3583,Random(572),none,500,1
ns=3;i=3584,Random(573),none,500,1
ns=3;i=3585,Random(574),none,500,1
ns=3;i=3586,Random(575),none,500,1
ns=3;i=3587,Random(576),none,500,1
ns=3;i=3588,Random(577),none,500,1
ns=3;i=3589,Random(578),none,500,1
ns=3;i=3590,Random(579),none,500,1
ns=3;i=3591,Random(580),none,500,1
ns=3;i=3592,Random(581),none,500,1
ns=3;i=3593,Random(582),none,500,1
ns=3;i=3594,Random(583),none,500,1
ns=3;i=3595,Random(584),none,500,1
ns=3;i=3596,Random(585),none,500,1
ns=3;i=3597,Random(586),none,500,1
ns=3;i=3598,Random(587),none,500,1
ns=3;i=3599,Random(588),none,500,1
ns=3;i=3600,Random(589),none,500,1
ns=3;i=3601,Random(590),none,500,1
ns=3;i=3602,Random(591),none,500,1
ns=3;i=3603,Random(592),none,500,1
ns=3;i=3604,Random(593),none,500,1
ns=3;i=3605,Random(594),none,500,1
ns=3;i=3606,Random(595),none,500,1
ns=3;i=3607,Random(596),none,500,1
ns=3;i=3608,Random(597),none,500,1
ns=3;i=3609,Random(598),none,500,1
ns=3;i=3610,Random(599),none,500,1
ns=3;i=3611,Random(600),none,500,1
ns=3;i=3612,Random(601),none,500,1
ns=3;i=3613,Random(602),none,500,1
ns=3;i=3614,Random(603),none,500,1
ns=3;i=3615,Random(604),none,500,1
ns=3;i=3616,Random(605),none,500,1
ns=3;i=3617,Random(606),none,500,1
ns=3;i=3618,Random(607),none,500,1
ns=3;i=3619,Random(608),none,500,1
ns=3;i=3620,Random(609),none,500,1
ns=3;i=3621,Random(610),none,500,1
ns=3;i=3622,Random(611),none,500,1
ns=3;i=3623,Random(612),none,500,1
ns=3;i=3624,Random(613),none,500,1
ns=3;i=3625,Random(614),none,500,1
ns=3;i=3626,Random(615),none,500,1
ns=3;i=3627,Random(616),none,500,1
ns=3;i=3628,Random(617),none,500,1
ns=3;i=3629,Random(618),none,500,1
ns=3;i=3630,Random(619),none,500,1
ns=3;i=3631,Random(620),none,500,1
ns=3;i=3632,Random(621),none,500,1
ns=3;i=3633,Random(622),none,500,1
ns=3;i=3634,Random(623),none,500,1
ns=3;i=3635,Random(624),none,500,1
ns=3;i=3636,Random(625),none,500,1
ns=3;i=3637,Random(626),none,500,1
ns=3;i=3638,Random(627),none,500,1
ns=3;i=3639,Random(628),none,500,1
ns=3;i=3640,Random(629),none,500,1
ns=3;i=3641,Random(630),none,500,1
ns=3;i=3642,Random(631),none,500,1
ns=3;i=3643,Random(632),none,500,1
ns=3;i=3644,Random(633),none,500,1
ns=3;i=3645,Random(634),none,500,1
ns=3;i=3646,Random(635),none,500,1
ns=3;i=3647,Random(636),none,500,1
ns=3;i=3648,Random(637),none,500,1
ns=3;i=3649,Random(638),none,500,1
ns=3;i=3650,Random(639),none,500,1
ns=3;i=3651,Random(640),none,500,1
ns=3;i=3652,Random(641),none,500,1
ns=3;i=3653,Random(642),none,500,1
ns=3;i=3654,Random(643),none,500,1
ns=3;i=3655,Random(644),none,500,1
ns=3;i=3656,Random(645),none,500,1
ns=3;i=3657,Random(646),none,500,1
ns=3;i=3658,Random(647),none,500,1
ns=3;i=3659,Random(648),none,500,1
ns=3;i=3660,Random(649),none,500,1
ns=3;i=3661,Random(650),none,500,1
ns=3;i=3662,Random(651),none,500,1
ns=3;i=3663,Random(652),none,500,1
ns=3;i=3664,Random(653),none,500,1
ns=3;i=3665,Random(654),none,500,1
ns=3;i=3666,Random(655),none,500,1
ns=3;i=3667,Random(656),none,500,1
ns=3;i=3668,Random(657),none,500,1
ns=3;i=3669,Random(658),none,500,1
ns=3;i=3670,Random(659),none,500,1
ns=3;i=3671,Random(660),none,500,1
ns=3;i=3672,Random(661),none,500,1
ns=3;i=3673,Random(662),none,500,1
ns=3;i=3674,Random(663),none,500,1
ns=3;i=3675,Random(664),none,500,1
ns=3;i=3676,Random(665),none,500,1
ns=3;i=3677,Random(666),none,500,1
ns=3;i=3678,Random(667),none,500,1
ns=3;i=3679,Random(668),none,500,1
ns=3;i=3680,Random(669),none,500,1
ns=3;i=3681,Random(670),none,500,1
ns=3;i=3682,Random(671),none,500,1
ns=3;i=3683,Random(672),none,500,1
ns=3;i=3684,Random(673),none,500,1
ns=3;i=3685,Random(674),none,500,1
ns=3;i=3686,Random(675),none,500,1
ns=3;i=3687,Random(676),none,500,1
ns=3;i=3688,Random(677),none,500,1
ns=3;i=3689,Random(678),none,500,1
ns=3;i=3690,Random(679),none,500,1
ns=3;i=3691,Random(680),none,500,1
ns=3;i=3692,Random(681),none,500,1
ns=3;i=3693,Random(682),none,500,1
ns=3;i=3694,Random(683),none,500,1
ns=3;i=3695,Random(684),none,500,1
ns=3;i=3696,Random(685),none,500,1
ns=3;i=3697,Random(686),none,500,1
ns=3;i=3698,Random(687),none,500,1
ns=3;i=3699,Random(688),none,500,1
ns=3;i=3700,Random(689),none,500,1
ns=3;i=3701,Random(690),none,500,1
ns=3;i=3702,Random(691),none,500,1
ns=3;i=3703,Random(692),none,500,1
ns=3;i=3704,Random(693),none,500,1
ns=3;i=3705,Random(694),none,500,1
ns=3;i=3706,Random(695),none,500,1
ns=3;i=3707,Random(696),none,500,1
ns=3;i=3708,Random(697),none,500,1
ns=3;i=3709,Random(698),none,500,1
ns=3;i=3710,Random(699),none,500,1
ns=3;i=3711,Random(700),none,500,1
ns=3;i=3712,Random(701),none,500,1
ns=3;i=3713,Random(702),none,500,1
ns=3;i=3714,Random(703),none,500,1
ns=3;i=3715,Random(704),none,500,1
ns=3;i=3716,Random(705),none,500,1
ns=3;i=3717,Random(706),none,500,1
ns=3;i=3718,Random(707),none,500,1
ns=3;i=3719,Random(708),none,500,1
ns=3;i=3720,Random(709),none,500,1
ns=3;i=3721,Random(710),none,500,1
ns=3;i=3722,Random(711),none,500,1
ns=3;i=3723,Random(712),none,500,1
ns=3;i=3724,Random(713),none,500,1
ns=3;i=3725,Random(714),none,500,1
ns=3;i=3726,Random(715),none,500,1
ns=3;i=3727,Random(716),none,500,1
ns=3;i=3728,Random(717),none,500,1
ns=3;i=3729,Random(718),none,500,1
ns=3;i=3730,Random(719),none,500,1
ns=3;i=3731,Random(720),none,500,1
ns=3;i=3732,Random(721),none,500,1
ns=3;i=3733,Random(722),none,500,1
ns=3;i=3734,Random(723),none,500,1
ns=3;i=3735,Random(724),none,500,1
ns=3;i=3736,Random(725),none,500,1
ns=3;i=3737,Random(726),none,500,1
ns=3;i=3738,Random(727),none,500,1
ns=3;i=3739,Random(728),none,500,1
ns=3;i=3740,Random(729),none,500,1
ns=3;i=3741,Random(730),none,500,1
ns=3;i=3742,Random(731),none,500,1
ns=3;i=3743,Random(732),none,500,1
ns=3;i=3744,Random(733),none,500,1
ns=3;i=3745,Random(734),none,500,1
ns=3;i=3746,Random(735),none,500,1
ns=3;i=3747,Random(736),none,500,1
ns=3;i=3748,Random(737),none,500,1
ns=3;i=3749,Random(738),none,500,1
ns=3;i=3750,Random(739),none,500,1
ns=3;i=3751,Random(740),none,500,1
ns=3;i=3752,Random(741),none,500,1
ns=3;i=3753,Random(742),none,500,1
ns=3;i=3754,Random(743),none,500,1
ns=3;i=3755,Temperature4,none,500,1
ns=3;i=3756,Random(745),none,500,1
ns=3;i=3757,Random(746),none,500,1
ns=3;i=3758,DoorOpen,none,500,1
ns=3;i=3759,Random(748),none,500,1
ns=3;i=3760,Random(749),none,500,1
ns=3;i=3761,Random(750),none,500,1
ns=3;i=3762,Random(751),none,500,1
ns=3;i=3763,Random(752),none,500,1
ns=3;i=3764,Random(753),none,500,1
ns=3;i=3765,Random(754),none,500,1
ns=3;i=3766,Random(755),none,500,1
ns=3;i=3767,Random(756),none,500,1
ns=3;i=3768,Random(757),none,500,1
ns=3;i=3769,Random(758),none,500,1
ns=3;i=3770,Random(759),none,500,1
ns=3;i=3771,Random(760),none,500,1
ns=3;i=3772,Random(761),none,500,1
ns=3;i=3773,Random(762),none,500,1
ns=3;i=3774,Random(763),none,500,1
ns=3;i=3775,Random(764),none,500,1
ns=3;i=3776,Random(765),none,500,1
ns=3;i=3777,Random(766),none,500,1
ns=3;i=3778,Random(767),none,500,1
ns=3;i=3779,Random(768),none,500,1
ns=3;i=3780,Random(769),none,500,1
ns=3;i=3781,Random(770),none,500,1
ns=3;i=3782,Random(771),none,500,1
ns=3;i=3783,Random(772),none,500,1
ns=3;i=3784,Random(773),none,500,1
ns=3;i=3785,Random(774),none,500,1
ns=3;i=3786,Random(775),none,500,1
ns=3;i=3787,Random(776),none,500,1
ns=3;i=3788,Random(777),none,500,1
ns=3;i=3789,Random(778),none,500,1
ns=3;i=3790,Random(779),none,500,1
ns=3;i=3791,Random(780),none,500,1
ns=3;i=3792,Random(781),none,500,1
ns=3;i=3793,Random(782),none,500,1
ns=3;i=3794,Random(783),none,500,1
ns=3;i=3795,Random(784),none,500,1
ns=3;i=3796,Random(785),none,500,1
ns=3;i=3797,Random(786),none,500,1
ns=3;i=3798,Random(787),none,500,1
ns=3;i=3799,Random(788),none,500,1
ns=3;i=3800,Random(789),none,500,1
ns=3;i=3801,Random(790),none,500,1
ns=3;i=3802,Random(791),none,500,1
ns=3;i=3803,Random(792),none,500,1
ns=3;i=3804,Random(793),none,500,1
ns=3;i=3805,Random(794),none,500,1
ns=3;i=3806,Random(795),none,500,1
ns=3;i=3807,Random(796),none,500,1
ns=3;i=3808,Random(797),none,500,1
ns=3;i=3809,Random(798),none,500,1
ns=3;i=3810,Random(799),none,500,1
ns=3;i=3811,Random(800),none,500,1
ns=3;i=3812,Random(801),none,500,1
ns=3;i=3813,Random(802),none,500,1
ns=3;i=3814,Random(803),none,500,1
ns=3;i=3815,Random(804),none,500,1
ns=3;i=3816,Random(805),none,500,1
ns=3;i=3817,Temperature1,none,500,1
ns=3;i=3818,Random(807),none,500,1
ns=3;i=3819,Random(808),none,500,1
ns=3;i=3820,Random(809),none,500,1
ns=3;i=3821,Random(810),none,500,1
ns=3;i=3822,Random(811),none,500,1
ns=3;i=3823,Random(812),none,500,1
ns=3;i=3824,Random(813),none,500,1
ns=3;i=3825,Random(814),none,500,1
ns=3;i=3826,Random(815),none,500,1
ns=3;i=3827,Random(816),none,500,1
ns=3;i=3828,Random(817),none,500,1
ns=3;i=3829,Random(818),none,500,1
ns=3;i=3830,Random(819),none,500,1
ns=3;i=3831,Random(820),none,500,1
ns=3;i=3832,Random(821),none,500,1
ns=3;i=3833,Random(822),none,500,1
ns=3;i=3834,Random(823),none,500,1
ns=3;i=3835,Random(824),none,500,1
ns=3;i=3836,Random(825),none,500,1
ns=3;i=3837,Random(826),none,500,1
ns=3;i=3838,Random(827),none,500,1
ns=3;i=3839,Random(828),none,500,1
ns=3;i=3840,Random(829),none,500,1
ns=3;i=3841,Random(830),none,500,1
ns=3;i=3842,Random(831),none,500,1
ns=3;i=3843,Random(832),none,500,1
ns=3;i=3844,Random(833),none,500,1
ns=3;i=3845,Random(834),none,500,1
ns=3;i=3846,Random(835),none,500,1
ns=3;i=3847,Random(836),none,500,1
ns=3;i=3848,Random(837),none,500,1
ns=3;i=3849,Random(838),none,500,1
ns=3;i=3850,Random(839),none,500,1
ns=3;i=3851,Temperature9,none,500,1
ns=3;i=3852,Random(841),none,500,1
ns=3;i=3853,Random(842),none,500,1
ns=3;i=3854,Random(843),none,500,1
ns=3;i=3855,Random(844),none,500,1
ns=3;i=3856,Random(845),none,500,1
ns=3;i=3857,Random(846),none,500,1
ns=3;i=3858,Random(847),none,500,1
ns=3;i=3859,Random(848),none,500,1
ns=3;i=3860,Random(849),none,500,1
ns=3;i=3861,Random(850),none,500,1
ns=3;i=3862,Random(851),none,500,1
ns=3;i=3863,Random(852),none,500,1
ns=3;i=3864,Random(853),none,500,1
ns=3;i=3865,Random(854),none,500,1
ns=3;i=3866,Random(855),none,500,1
ns=3;i=3867,Random(856),none,500,1
ns=3;i=3868,Random(857),none,500,1
ns=3;i=3869,Random(858),none,500,1
ns=3;i=3870,Random(859),none,500,1
ns=3;i=3871,Random(860),none,500,1
ns=3;i=3872,Random(861),none,500,1
ns=3;i=3873,Random(862),none,500,1
ns=3;i=3874,Random(863),none,500,1
ns=3;i=3875,Random(864),none,500,1
ns=3;i=3876,Random(865),none,500,1
ns=3;i=3877,Random(866),none,500,1
ns=3;i=3878,Random(867),none,500,1
ns=3;i=3879,Random(868),none,500,1
ns=3;i=3880,Random(869),none,500,1
ns=3;i=3881,Random(870),none,500,1
ns=3;i=3882,Random(871),none,500,1
ns=3;i=3883,Random(872),none,500,1
ns=3;i=3884,Random(873),none,500,1
ns=3;i=3885,Random(874),none,500,1
ns=3;i=3886,Temperature6,none,500,1
ns=3;i=3887,Random(876),none,500,1
ns=3;i=3888,Random(877),none,500,1
ns=3;i=3889,Random(878),none,500,1
ns=3;i=3890,Random(879),none,500,1
ns=3;i=3891,Random(880),none,500,1
ns=3;i=3892,Random(881),none,500,1
ns=3;i=3893,Random(882),none,500,1
ns=3;i=3894,Random(883),none,500,1
ns=3;i=3895,Random(884),none,500,1
ns=3;i=3896,Random(885),none,500,1
ns=3;i=3897,Random(886),none,500,1
ns=3;i=3898,Random(887),none,500,1
ns=3;i=3899,Random(888),none,500,1
ns=3;i=3900,Random(889),none,500,1
ns=3;i=3901,Random(890),none,500,1
ns=3;i=3902,Random(891),none,500,1
ns=3;i=3903,Random(892),none,500,1
ns=3;i=3904,Random(893),none,500,1
ns=3;i=3905,Random(894),none,500,1
ns=3;i=3906,Random(895),none,500,1
ns=3;i=3907,Random(896),none,500,1
ns=3;i=3908,Random(897),none,500,1
ns=3;i=3909,Random(898),none,500,1
ns=3;i=3910,Random(899),none,500,1
ns=3;i=3911,Random(900),none,500,1
ns=3;i=3912,Random(901),none,500,1
ns=3;i=3913,Random(902),none,500,1
ns=3;i=3914,Random(903),none,500,1
ns=3;i=3915,Random(904),none,500,1
ns=3;i=3916,Random(905),none,500,1
ns=3;i=3917,Random(906),none,500,1
ns=3;i=3918,Random(907),none,500,1
ns=3;i=3919,Random(908),none,500,1
ns=3;i=3920,Random(909),none,500,1
ns=3;i=3921,Random(910),none,500,1
ns=3;i=3922,Random(911),none,500,1
ns=3;i=3923,Random(912),none,500,1
ns=3;i=3924,Random(913),none,500,1
ns=3;i=3925,Random(914),none,500,1
ns=3;i=3926,Random(915),none,500,1
ns=3;i=3927,Random(916),none,500,1
ns=3;i=3928,Random(917),none,500,1
ns=3;i=3929,Random(918),none,500,1
ns=3;i=3930,Random(919),none,500,1
ns=3;i=3931,Random(920),none,500,1
ns=3;i=3932,Random(921),none,500,1
ns=3;i=3933,Random(922),none,500,1
ns=3;i=3934,Random(923),none,500,1
ns=3;i=3935,Random(924),none,500,1
ns=3;i=3936,Random(925),none,500,1
ns=3;i=3937,Random(926),none,500,1
ns=3;i=3938,Random(927),none,500,1
ns=3;i=3939,Random(928),none,500,1
ns=3;i=3940,Random(929),none,500,1
ns=3;i=3941,Random(930),none,500,1
ns=3;i=3942,Random(931),none,500,1
ns=3;i=3943,Random(932),none,500,1
ns=3;i=3944,Random(933),none,500,1
ns=3;i=3945,Random(934),none,500,1
ns=3;i=3946,Random(935),none,500,1
ns=3;i=3947,Random(936),none,500,1
ns=3;i=3948,Random(937),none,500,1
ns=3;i=3949,Random(938),none,500,1
ns=3;i=3950,Random(939),none,500,1
ns=3;i=3951,Random(940),none,500,1
ns=3;i=3952,Random(941),none,500,1
ns=3;i=3953,Random(942),none,500,1
ns=3;i=3954,Random(943),none,500,1
ns=3;i=3955,Random(944),none,500,1
ns=3;i=3956,Random(945),none,500,1
ns=3;i=3957,Random(946),none,500,1
ns=3;i=3958,Random(947),none,500,1
ns=3;i=3959,Random(948),none,500,1
ns=3;i=3960,Random(949),none,500,1
ns=3;i=3961,Random(950),none,500,1
ns=3;i=3962,Random(951),none,500,1
ns=3;i=3963,Random(952),none,500,1
ns=3;i=3964,Random(953),none,500,1
ns=3;i=3965,Random(954),none,500,1
ns=3;i=3966,Random(955),none,500,1
ns=3;i=3967,Random(956),none,500,1
ns=3;i=3968,Random(957),none,500,1
ns=3;i=3969,Random(958),none,500,1
ns=3;i=3970,Random(959),none,500,1
ns=3;i=3971,Random(960),none,500,1
ns=3;i=3972,Random(961),none,500,1
ns=3;i=3973,Random(962),none,500,1
ns=3;i=3974,Random(963),none,500,1
ns=3;i=3975,Random(964),none,500,1
ns=3;i=3976,Random(965),none,500,1
ns=3;i=3977,Random(966),none,500,1
ns=3;i=3978,Random(967),none,500,1
ns=3;i=3979,Random(968),none,500,1
ns=3;i=3980,Random(969),none,500,1
ns=3;i=3981,Random(970),none,500,1
ns=3;i=3982,Random(971),none,500,1
ns=3;i=3983,Random(972),none,500,1
ns=3;i=3984,Random(973),none,500,1
ns=3;i=3985,Random(974),none,500,1
ns=3;i=3986,Random(975),none,500,1
ns=3;i=3987,Random(976),none,500,1
ns=3;i=3988,Random(977),none,500,1
ns=3;i=3989,Random(978),none,500,1
ns=3;i=3990,Random(979),none,500,1
ns=3;i=3991,Random(980),none,500,1
ns=3;i=3992,Random(981),none,500,1
ns=3;i=3993,Random(982),none,500,1
ns=3;i=3994,Random(983),none,500,1
ns=3;i=3995,Random(984),none,500,1
ns=3;i=3996,Random(985),none,500,1
ns=3;i=3997,Random(986),none,500,1
ns=3;i=3998,Random(987),none,500,1
ns=3;i=3999,Random(988),none,500,1
ns=3;i=4000,Random(989),none,500,1
ns=3;i=4001,Random(990),none,500,1
